<application>
  <component name="Perl5ApplicationSettings">
    <option name="pluginVersion" value="2021.2" />
    <option name="popupShown" value="true" />
  </component>
  <component name="PerlInterpreters">
    <perl version="2">
      <name value="Local, System: Perl 5.30.2" />
      <type value="Perl5 Interpreter" />
      <version value="5.30.2 for darwin-thread-multi-2level" />
      <homePath value="/usr/bin/perl" />
      <roots>
        <annotationsPath>
          <root type="composite" />
        </annotationsPath>
        <classPath>
          <root type="composite">
            <root url="file:///Library/Perl/5.30" type="simple" />
            <root url="file:///System/Library/Perl/5.30/darwin-thread-multi-2level" type="simple" />
            <root url="file:///System/Library/Perl/5.30" type="simple" />
            <root url="file:///System/Library/Perl/Extras/5.30/darwin-thread-multi-2level" type="simple" />
            <root url="file:///System/Library/Perl/Extras/5.30" type="simple" />
          </root>
        </classPath>
        <javadocPath>
          <root type="composite" />
        </javadocPath>
        <sourcePath>
          <root type="composite" />
        </sourcePath>
      </roots>
      <additional>
        <host id="localhost" />
        <implementation id="porters" />
        <versionManager id="system" />
      </additional>
    </perl>
  </component>
</application>