<profile version="1.0">
  <option name="myName" value="KivaKit" />
  <inspection_tool class="AutoCloseableResource" enabled="true" level="WARNING" enabled_by_default="true">
    <option name="ignoreFromMethodCall" value="true" />
  </inspection_tool>
  <inspection_tool class="BooleanMethodIsAlwaysInverted" enabled="false" level="WARNING" enabled_by_default="false" />
  <inspection_tool class="ConstantConditions" enabled="false" level="WARNING" enabled_by_default="false">
    <option name="SUGGEST_NULLABLE_ANNOTATIONS" value="false" />
    <option name="DONT_REPORT_TRUE_ASSERT_STATEMENTS" value="false" />
  </inspection_tool>
  <inspection_tool class="DiamondCanBeReplacedWithExplicitTypeArguments" enabled="false" level="INFORMATION" enabled_by_default="false" />
  <inspection_tool class="EqualsWithItself" enabled="false" level="WARNING" enabled_by_default="false" />
  <inspection_tool class="JavaRequiresAutoModule" enabled="false" level="WARNING" enabled_by_default="false" />
  <inspection_tool class="JavadocHtmlLint" enabled="true" level="ERROR" enabled_by_default="true" />
  <inspection_tool class="MaskedAssertion" enabled="false" level="WARNING" enabled_by_default="false" />
  <inspection_tool class="NullableProblems" enabled="false" level="WARNING" enabled_by_default="false">
    <option name="REPORT_NULLABLE_METHOD_OVERRIDES_NOTNULL" value="true" />
    <option name="REPORT_NOT_ANNOTATED_METHOD_OVERRIDES_NOTNULL" value="true" />
    <option name="REPORT_NOTNULL_PARAMETER_OVERRIDES_NULLABLE" value="true" />
    <option name="REPORT_NOT_ANNOTATED_PARAMETER_OVERRIDES_NOTNULL" value="true" />
    <option name="REPORT_NOT_ANNOTATED_GETTER" value="true" />
    <option name="REPORT_NOT_ANNOTATED_SETTER_PARAMETER" value="true" />
    <option name="REPORT_ANNOTATION_NOT_PROPAGATED_TO_OVERRIDERS" value="true" />
    <option name="REPORT_NULLS_PASSED_TO_NON_ANNOTATED_METHOD" value="true" />
  </inspection_tool>
  <inspection_tool class="SameParameterValue" enabled="false" level="WARNING" enabled_by_default="false" />
  <inspection_tool class="SameReturnValue" enabled="false" level="WARNING" enabled_by_default="false" />
  <inspection_tool class="SingleStatementInBlock" enabled="false" level="INFORMATION" enabled_by_default="false" />
  <inspection_tool class="SwitchStatementWithTooFewBranches" enabled="false" level="WARNING" enabled_by_default="false">
    <option name="m_limit" value="2" />
  </inspection_tool>
  <inspection_tool class="UnusedReturnValue" enabled="false" level="WARNING" enabled_by_default="false" />
  <inspection_tool class="unused" enabled="true" level="WARNING" enabled_by_default="true" klass="packageLocal" inner_class="packageLocal" field="packageLocal" method="packageLocal" parameter="packageLocal">
    <option name="LOCAL_VARIABLE" value="true" />
    <option name="FIELD" value="true" />
    <option name="METHOD" value="true" />
    <option name="CLASS" value="true" />
    <option name="PARAMETER" value="true" />
    <option name="REPORT_PARAMETER_FOR_PUBLIC_METHODS" value="false" />
    <option name="ADD_MAINS_TO_ENTRIES" value="true" />
    <option name="ADD_APPLET_TO_ENTRIES" value="true" />
    <option name="ADD_SERVLET_TO_ENTRIES" value="true" />
    <option name="ADD_NONJAVA_TO_ENTRIES" value="true" />
  </inspection_tool>
</profile>