<code_scheme name="Default" version="173">
  <option name="RIGHT_MARGIN" value="1000" />
  <option name="DO_NOT_FORMAT">
    <list>
      <fileSet type="globPattern" pattern="*.md" />
    </list>
  </option>
  <GroovyCodeStyleSettings>
    <option name="CLASS_COUNT_TO_USE_IMPORT_ON_DEMAND" value="999" />
    <option name="NAMES_COUNT_TO_USE_IMPORT_ON_DEMAND" value="999" />
  </GroovyCodeStyleSettings>
  <JavaCodeStyleSettings>
    <option name="SUBCLASS_NAME_SUFFIX" value="Implementation" />
    <option name="GENERATE_FINAL_LOCALS" value="true" />
    <option name="GENERATE_FINAL_PARAMETERS" value="true" />
    <option name="ANNOTATION_PARAMETER_WRAP" value="1" />
    <option name="ALIGN_MULTILINE_ANNOTATION_PARAMETERS" value="true" />
    <option name="CLASS_NAMES_IN_JAVADOC" value="3" />
    <option name="CLASS_COUNT_TO_USE_IMPORT_ON_DEMAND" value="99" />
    <option name="NAMES_COUNT_TO_USE_IMPORT_ON_DEMAND" value="99" />
    <option name="PACKAGES_TO_USE_IMPORT_ON_DEMAND">
      <value />
    </option>
    <option name="JD_ALIGN_PARAM_COMMENTS" value="false" />
    <option name="JD_ALIGN_EXCEPTION_COMMENTS" value="false" />
    <option name="JD_KEEP_INVALID_TAGS" value="false" />
    <option name="JD_DO_NOT_WRAP_ONE_LINE_COMMENTS" value="true" />
    <option name="JD_KEEP_EMPTY_PARAMETER" value="false" />
    <option name="JD_KEEP_EMPTY_EXCEPTION" value="false" />
    <option name="JD_KEEP_EMPTY_RETURN" value="false" />
  </JavaCodeStyleSettings>
  <Markdown>
    <option name="MAX_LINES_AROUND_HEADER" value="0" />
    <option name="MAX_LINES_AROUND_BLOCK_ELEMENTS" value="0" />
    <option name="MAX_LINES_BETWEEN_PARAGRAPHS" value="0" />
  </Markdown>
  <Properties>
    <option name="SPACES_AROUND_KEY_VALUE_DELIMITER" value="true" />
    <option name="KEEP_BLANK_LINES" value="true" />
  </Properties>
  <ScalaCodeStyleSettings>
    <option name="MULTILINE_STRING_CLOSING_QUOTES_ON_NEW_LINE" value="true" />
  </ScalaCodeStyleSettings>
  <XML>
    <option name="XML_KEEP_WHITESPACES" value="true" />
    <option name="XML_KEEP_BLANK_LINES" value="1" />
    <option name="XML_SPACE_AROUND_EQUALITY_IN_ATTRIBUTE" value="true" />
  </XML>
  <codeStyleSettings language="Groovy">
    <option name="BRACE_STYLE" value="2" />
    <option name="CLASS_BRACE_STYLE" value="2" />
    <option name="METHOD_BRACE_STYLE" value="2" />
    <option name="LAMBDA_BRACE_STYLE" value="2" />
    <option name="SPACE_WITHIN_BRACKETS" value="true" />
    <option name="SPACE_WITHIN_ARRAY_INITIALIZER_BRACES" value="true" />
    <option name="KEEP_SIMPLE_BLOCKS_IN_ONE_LINE" value="true" />
    <option name="KEEP_SIMPLE_CLASSES_IN_ONE_LINE" value="false" />
    <indentOptions>
      <option name="CONTINUATION_INDENT_SIZE" value="0" />
    </indentOptions>
  </codeStyleSettings>
  <codeStyleSettings language="JAVA">
    <option name="RIGHT_MARGIN" value="120" />
    <option name="KEEP_FIRST_COLUMN_COMMENT" value="false" />
    <option name="KEEP_CONTROL_STATEMENT_IN_ONE_LINE" value="false" />
    <option name="KEEP_BLANK_LINES_IN_DECLARATIONS" value="1" />
    <option name="KEEP_BLANK_LINES_IN_CODE" value="1" />
    <option name="KEEP_BLANK_LINES_BETWEEN_PACKAGE_DECLARATION_AND_HEADER" value="1" />
    <option name="KEEP_BLANK_LINES_BEFORE_RBRACE" value="0" />
    <option name="BLANK_LINES_AROUND_FIELD" value="1" />
    <option name="BRACE_STYLE" value="2" />
    <option name="CLASS_BRACE_STYLE" value="2" />
    <option name="METHOD_BRACE_STYLE" value="2" />
    <option name="LAMBDA_BRACE_STYLE" value="2" />
    <option name="ELSE_ON_NEW_LINE" value="true" />
    <option name="WHILE_ON_NEW_LINE" value="true" />
    <option name="CATCH_ON_NEW_LINE" value="true" />
    <option name="FINALLY_ON_NEW_LINE" value="true" />
    <option name="CASE_STATEMENT_ON_NEW_LINE" value="false" />
    <option name="SPACE_WITHIN_ARRAY_INITIALIZER_BRACES" value="true" />
    <option name="SPACE_BEFORE_ARRAY_INITIALIZER_LBRACE" value="true" />
    <option name="METHOD_PARAMETERS_WRAP" value="1" />
    <option name="KEEP_SIMPLE_CLASSES_IN_ONE_LINE" value="true" />
    <option name="ARRAY_INITIALIZER_WRAP" value="1" />
    <option name="WRAP_COMMENTS" value="true" />
    <option name="IF_BRACE_FORCE" value="3" />
    <option name="DOWHILE_BRACE_FORCE" value="3" />
    <option name="WHILE_BRACE_FORCE" value="3" />
    <option name="FOR_BRACE_FORCE" value="3" />
    <option name="CLASS_ANNOTATION_WRAP" value="1" />
    <option name="ENUM_CONSTANTS_WRAP" value="2" />
    <arrangement>
      <groups />
      <rules>
        <section>
          <rule>
            <match>
              <AND>
                <FIELD>true</FIELD>
                <STATIC>true</STATIC>
              </AND>
            </match>
          </rule>
        </section>
        <section>
          <rule>
            <match>
              <AND>
                <INITIALIZER_BLOCK>true</INITIALIZER_BLOCK>
                <STATIC>true</STATIC>
              </AND>
            </match>
          </rule>
        </section>
        <section>
          <rule>
            <match>
              <AND>
                <METHOD>true</METHOD>
                <STATIC>true</STATIC>
              </AND>
            </match>
            <order>BY_NAME</order>
          </rule>
        </section>
        <section>
          <rule>
            <match>
              <ENUM>true</ENUM>
            </match>
            <order>BY_NAME</order>
          </rule>
        </section>
        <section>
          <rule>
            <match>
              <AND>
                <INTERFACE>true</INTERFACE>
                <visibility />
              </AND>
            </match>
            <order>BY_NAME</order>
          </rule>
        </section>
        <section>
          <rule>
            <match>
              <AND>
                <CLASS>true</CLASS>
                <visibility />
              </AND>
            </match>
            <order>BY_NAME</order>
          </rule>
        </section>
        <section>
          <rule>
            <match>
              <FIELD>true</FIELD>
            </match>
          </rule>
        </section>
        <section>
          <rule>
            <match>
              <AND>
                <CONSTRUCTOR>true</CONSTRUCTOR>
                <visibility />
              </AND>
            </match>
          </rule>
        </section>
        <section>
          <rule>
            <match>
              <AND>
                <METHOD>true</METHOD>
                <PUBLIC>true</PUBLIC>
              </AND>
            </match>
            <order>BY_NAME</order>
          </rule>
        </section>
        <section>
          <rule>
            <match>
              <AND>
                <METHOD>true</METHOD>
                <PROTECTED>true</PROTECTED>
              </AND>
            </match>
            <order>BY_NAME</order>
          </rule>
        </section>
        <section>
          <rule>
            <match>
              <AND>
                <METHOD>true</METHOD>
                <PRIVATE>true</PRIVATE>
                <STATIC>true</STATIC>
              </AND>
            </match>
            <order>BY_NAME</order>
          </rule>
        </section>
        <section>
          <rule>
            <match>
              <AND>
                <METHOD>true</METHOD>
                <PACKAGE_PRIVATE>true</PACKAGE_PRIVATE>
              </AND>
            </match>
            <order>BY_NAME</order>
          </rule>
        </section>
        <section>
          <rule>
            <match>
              <AND>
                <METHOD>true</METHOD>
                <PRIVATE>true</PRIVATE>
              </AND>
            </match>
            <order>BY_NAME</order>
          </rule>
        </section>
      </rules>
    </arrangement>
  </codeStyleSettings>
  <codeStyleSettings language="Properties">
    <option name="ALIGN_GROUP_FIELD_DECLARATIONS" value="true" />
  </codeStyleSettings>
  <codeStyleSettings language="Shell Script">
    <indentOptions>
      <option name="INDENT_SIZE" value="4" />
    </indentOptions>
  </codeStyleSettings>
  <codeStyleSettings language="XML">
    <option name="RIGHT_MARGIN" value="180" />
  </codeStyleSettings>
</code_scheme>