<keymap version="1" name="KivaKit macOS" parent="EasyMap macOS">
  <action id="ActivateHierarchyToolWindow" />
  <action id="ActivateProblemsViewToolWindow">
    <keyboard-shortcut first-keystroke="meta t" second-keystroke="w" />
  </action>
  <action id="ActivateProjectToolWindow">
    <keyboard-shortcut first-keystroke="meta t" second-keystroke="p" />
  </action>
  <action id="ActivateServicesToolWindow" />
  <action id="ActivateStructureToolWindow">
    <keyboard-shortcut first-keystroke="meta t" second-keystroke="s" />
  </action>
  <action id="CompileDirty">
    <keyboard-shortcut first-keystroke="meta f9" />
    <keyboard-shortcut first-keystroke="meta j" second-keystroke="b" />
    <keyboard-shortcut first-keystroke="meta 6" />
  </action>
  <action id="EditorEscape">
    <keyboard-shortcut first-keystroke="escape" />
    <keyboard-shortcut first-keystroke="meta t" second-keystroke="e" />
  </action>
  <action id="EvaluateExpression">
    <keyboard-shortcut first-keystroke="alt f8" />
    <keyboard-shortcut first-keystroke="meta d" second-keystroke="x" />
  </action>
  <action id="ExternalJavaDoc" />
  <action id="Git.Checkout.Branch">
    <keyboard-shortcut first-keystroke="meta g" second-keystroke="meta c" />
  </action>
  <action id="Git.Stage.ThreeSideDiff">
    <keyboard-shortcut first-keystroke="meta g" second-keystroke="meta a" />
  </action>
  <action id="Github.Create.Pull.Request">
    <keyboard-shortcut first-keystroke="meta g" second-keystroke="p" />
  </action>
  <action id="GotoDeclaration">
    <mouse-shortcut keystroke="meta button1" />
    <mouse-shortcut keystroke="Force touch" />
    <mouse-shortcut keystroke="button2" />
    <keyboard-shortcut first-keystroke="meta j" second-keystroke="d" />
  </action>
  <action id="GotoImplementation">
    <keyboard-shortcut first-keystroke="meta alt b" />
    <mouse-shortcut keystroke="meta alt button1" />
  </action>
  <action id="Macro.next in project">
    <keyboard-shortcut first-keystroke="meta 8" />
  </action>
  <action id="Macro.previous in project">
    <keyboard-shortcut first-keystroke="meta 7" />
  </action>
  <action id="Maven_1f21226ckivakit-extensionsfdd6267dinstall">
    <keyboard-shortcut first-keystroke="meta b" second-keystroke="x" />
  </action>
  <action id="Maven_1f21226ckivakitc4fc7d4install">
    <keyboard-shortcut first-keystroke="meta b" second-keystroke="k" />
  </action>
  <action id="Maven_1f21226cmesakit6d066257install">
    <keyboard-shortcut first-keystroke="meta b" second-keystroke="m" />
  </action>
  <action id="QuickJavaDoc">
    <keyboard-shortcut first-keystroke="meta j" second-keystroke="shift slash" />
  </action>
  <action id="RunToCursor">
    <keyboard-shortcut first-keystroke="alt f9" />
    <mouse-shortcut keystroke="Force touch" />
    <keyboard-shortcut first-keystroke="meta d" second-keystroke="period" />
  </action>
  <action id="ShowIntentionActions">
    <keyboard-shortcut first-keystroke="alt enter" />
    <keyboard-shortcut first-keystroke="meta 1" />
  </action>
  <action id="StringManipulation.SwitchStyleAction">
    <keyboard-shortcut first-keystroke="meta e" second-keystroke="minus" />
    <keyboard-shortcut first-keystroke="meta minus" />
  </action>
  <action id="SurroundWithLiveTemplate">
    <keyboard-shortcut first-keystroke="meta alt j" />
    <keyboard-shortcut first-keystroke="meta e" second-keystroke="x" />
  </action>
  <action id="TypeHierarchy">
    <keyboard-shortcut first-keystroke="ctrl h" />
    <keyboard-shortcut first-keystroke="meta t" second-keystroke="h" />
  </action>
</keymap>